"V1","V2","V3","V4","V5","V6","V7"
NA,1.2644959782619,-0.857809228617209,-0.396162890881222,0.568898295060535,1,11
NA,0.990354618499244,0.816026406926163,1.52846757664596,0.00443850928295361,8,12
NA,-1.92817752259629,-0.426588909225775,2.63336173962943,0.480865483941238,5,12
0.696814580106553,-0.598283959656125,-0.40463684004168,1.04271286515666,0.361892929534339,3,13
0.0914532178923064,-1.28900731381911,-0.145769224262472,0.979419732787639,1.74444563962382,3,12
0.0193482408430812,-0.109967368054653,0.71946636806737,-0.115220943788357,0.224844816532263,1,14
0.0269696789176265,0.294869035707985,-0.491090752219327,-1.16774374380507,0.287391762840858,4,14
0.213423103156904,-1.40076880530872,0.475958438418499,0.0923098869672217,0.160257355626852,1,14
0.21113732015893,0.818769028646548,0.573153668052675,0.103619624300741,1.5698322483438,4,12
2.18518396319137e-05,0.837652868739311,-1.01885957771565,0.146830577419243,0.0447199165030834,7,13
7.53977505366017e-05,1.10129703930897,-0.0618722344363663,-0.0129375316642685,0.516957580305669,6,13
1.50888420258649,-1.30543616494137,-0.538305101604451,1.40260144344893,0.377753817603735,2,10
0.201938125366727,-0.557274897395854,0.416954726110764,1.59172695870782,0.136385570012871,6,12
0.261292164982176,0.90062140985482,-1.50827665613024,1.00238125537987,0.336571606098222,7,13
0.155833656983546,0.419946685184535,1.53916992776747,-0.735472799695046,0.348277684780487,2,12
0.222578922302531,-0.744557082894124,1.346018088596,0.128888382336411,0.284749196034321,2,12
0.00212506786891529,-0.0342380839125103,-0.842855777501525,1.47518973423409,0.415737907347094,7,12
0.642971346555362,0.887785796745041,-0.669874227807658,0.650948239304936,0.0723476374573925,7,10
0.0503220278186775,-1.39152438432007,-0.908487448146122,-0.691175203573024,0.0492914820305183,5,11
0.0811056128529209,0.249134894326169,-0.136540641797694,-0.302389410820994,0.00178710081431194,3,11
0.0276619363930318,-1.66431475904835,-0.501037963291251,-1.01105306398096,3.81245381347218,1,10
0.72534851618611,-1.35540156962598,0.1126384468164,0.881557161697201,0.0204359640722602,8,11
3.45752277084774e-06,1.02539728747435,-1.87521756309427,-0.542944669406211,1.09757268712334,8,14
0.0349503952464562,-1.3914700425635,0.158546714458315,1.00938541779049,0.241791736237247,8,13
0.445321166299992,-1.71985752968914,0.0155626712640043,1.3785106080893,3.26873131183759,8,13
0.130581158777436,-0.885423059794125,-1.60060346126013,0.943505016613221,0.0308564607401865,1,10
7.99979851477854e-08,-1.50874877414163,0.275973089169957,-0.402102138419226,0.0657251380059705,3,12
0.371860838904872,0.13350383583204,0.0549526398709077,-1.08201308092891,0.311207721845196,6,12
0.0661012453581009,-0.660418275650515,-0.230573354697258,-0.783878046899309,0.033238659713373,6,12
2.42430406532785,0.60611581114293,-0.0132162906038914,0.103956446756534,0.698547631746949,7,10
7.24177610655867e-06,0.218462284657009,0.384949196022327,-0.345383344967292,0.332813712844139,3,11
0.404777942753971,-0.816991649571076,0.346723717001246,1.12443757223649,0.723816171317141,7,13
0.177314303677035,-0.498945904208174,-0.431612760578627,0.0148695348887097,0.0281423751098358,8,14
0.963180337626394,0.0475052122266901,1.1501780393287,-2.15664124836398,0.0699240553605897,1,11
1.90876917850686,-0.757824206815464,-0.0365321928878792,0.881983967336575,2.74490909577264,2,13
0.0181268466459789,-0.866476915722903,-0.135801421736564,1.89146343161196,1.246285420399,8,12
0.545117518459463,1.48119121030665,0.944618045644523,-0.504214456909637,0.149084274656084,5,13
0.00903037592653225,-0.360459283343044,0.992041361670064,0.366570962438113,0.00433305965753241,8,11
0.936156067698703,1.11375369288814,-0.700669754968901,-0.251459988130187,0.116719413113133,3,13
2.03335518415493,0.181759229278119,-0.991058671834594,-1.14437708652883,0.198791090402927,8,14
0.0311495404729912,0.525354818476079,-0.705618052658819,-0.498833055484122,0.488870114124623,2,10
0.147224333260196,-0.981060507060088,-1.17577589332822,-0.155161931957001,0.6502285736529,4,14
0.218083741123461,-0.00199559059770632,-1.78119695174032,-0.388605854645375,0.246673328191679,7,11
0.843697515817131,-0.119282270322366,0.310607521838391,0.298110757599079,0.22205021885634,7,10
0.00118582820011029,-1.42522508666897,-0.145110360949431,-1.37331580903963,1.2968743036549,6,12
0.0543960459572824,-0.487111820183895,0.642549753692457,0.996821334795285,0.585466638652125,7,11
0.045191604927498,-0.266866770141396,-0.00165936230130426,-0.920870264801049,0.0994436480499496,5,10
0.0485469549883836,0.233189375811659,0.409162962077351,-0.19649765119626,0.709898813080294,8,10
0.237784679633618,-0.405856044272776,-0.496058147310148,0.46586731416755,0.801794520894616,5,14
0.32337219383438,0.706107478503829,-0.960107958901165,0.812426468304757,0.218708499842494,5,11
0.49175509598859,0.639357313564677,0.778132224570433,-1.54254941614631,0.0296403659016309,1,14
0.0942176234610364,-2.0441784914676,0.761120616327841,-0.925601777803317,0.307093869087135,3,11
0.116061745777748,-1.15016343765497,-1.73371218388323,-0.214794785764636,0.0513368556681519,3,10
0.861811894181216,-1.51708307527171,0.877294651826757,-1.31989654704047,0.037367262686289,7,14
0.0233582102405866,-0.369165020105106,-1.77337143893369,0.206589347674885,0.472101767429271,6,12
0.00395667491736827,1.83960443024497,-0.0456873243111543,-0.231107029803683,1.2136706889776,8,10
0.0176800072177738,0.333074648209443,-0.394872253984139,2.03911622568192,0.17005818941319,3,12
0.274831866035279,-1.26507835879206,-0.128056266421018,-1.55812152732836,0.33496608154631,5,12
0.158642868891087,0.4382787181943,1.09623773188662,-0.262849662921164,0.31930097188423,8,12
1.37030512849342,-0.342766342258441,-1.2552178606199,-1.2647466165942,0.934371950604061,8,10
0.137925137069136,0.139121094540015,-0.265483694629895,-0.868655789951825,0.695177381801705,8,12
0.132156897224498,0.125063695957442,2.55330249004026,1.4896698141865,0.00699067947240943,6,11
0.00327637974779388,-1.53254731506413,-1.47830630595052,-1.44162518430507,8.94917226755543e-05,5,10
0.000431648771515874,1.26661115470569,-0.626587568230723,1.30048427360014,0.256865551316689,2,12
0.248887890548269,0.934359995365983,-0.0410520223413907,-0.3829686770764,0.117262925478989,3,14
0.441837652362296,-0.425152991095695,0.199953219832439,0.662963256065826,0.00120908536308536,8,12
0.0626377323054964,-1.48439241903589,-0.533305600527376,-1.10939125542566,0.218500802049234,4,13
0.325626564430599,-1.60096575140213,-0.266032317684011,0.889850111472446,0.638880242097066,8,10
0.031361758383887,0.926501420034343,1.08414781411867,1.09972314776228,0.00172352766175425,5,13
0.394847594546307,0.899949915945504,-0.180745479625044,-1.43561188609271,2.24469240457084,3,10
0.894318332375348,-0.668239882228997,0.251555319378233,1.01652020678806,2.21283081155519e-06,4,14
0.0213102925611894,0.4778831419404,0.369542235154893,-0.254031974859729,0.0578033705410668,8,14
0.0256335339516681,0.447563005368693,0.407034259389767,1.42861732911313,0.00875674897646037,5,12
1.31619448349902,1.6738920050476,0.492505019245782,-0.555698018169853,0.447153719119374,1,14
0.158920654158503,0.523135970502393,0.0546325790523077,0.229798813169807,0.0557425092411345,4,13
0.228536117267662,1.93253557132683,-0.708674076161911,-0.666198003757289,3.24276942291936,1,13
0.00348918238618117,0.250014044649404,-0.0582707524435477,0.443302332609611,1.13633757423015,7,12
3.19271069284546,0.7476524946914,-0.963421822237506,1.10535620569451,0.347611323482106,4,14
0.0409857671759427,1.00108017212657,0.0933932966058741,0.717718642432045,0.88702958708227,6,10
1.15713209747887,-0.0781384935724291,-0.347901133459108,-1.05951869798166,0.158323177857802,4,12
0.139315398034265,2.11913524275762,-0.118334438145549,1.22220190842843,0.174473415344652,8,10
0.154917821555324,0.72626403733793,-1.09909095717492,-0.476398186789389,0.268903565550086,6,10
0.0296338331620822,1.25580447199201,-0.283076412422231,0.246422656159889,0.0414431986308425,2,11
0.328045218220002,0.330099569916246,-1.08973467284561,1.31255419522186,0.335425317695894,1,12
1.24526240973053,1.29199482503989,-0.405665544099862,0.330112760181037,0.00405733188798405,5,14
0.143488434973244,-0.00267115704068799,0.526907259597763,-0.43828249235035,0.441074212492169,5,10
0.0162924869210028,0.775425387311477,0.240419981775496,0.438220806352495,0.000843628728933317,7,14
1.80444445966225,0.566817595139591,0.898362457249366,-0.429092453688203,0.871170788798081,1,12
0.217350029155515,1.23452699615306,0.487968126935476,-0.265919290666239,0.792071474642083,5,11
0.109742636589258,0.464898427807736,0.111991365197539,1.84183125233983,0.00120318120597782,5,14
1.87352174881119,0.179022875020914,0.998313347136219,1.15929163203548,1.65460607841867,6,11
0.223459571815505,-0.539390825053753,1.19171680875342,0.196584101233404,0.172914496557,8,10
0.14081247293181,-0.957745647560947,-1.39938756712371,-1.32889781039574,0.106491359868148,4,12
0.119695447328268,-1.20209322389685,0.892147736646772,1.75009891790833,0.149229277316726,3,12
0.0115867561955304,0.861230644912415,0.777958970340806,0.891981793742867,0.557451806241118,8,11
0.181445370178631,-1.33934364259872,0.941914516346951,-1.32520096054198,0.505088351812008,3,11
0.00236621438786247,0.624484630638997,-0.908802712301102,0.916681235417258,0.0339141959420807,4,14
1.5466066749648,-0.592946732112165,2.40893084447621,0.739620977862447,0.387366119738441,7,11
0.0379894837173828,1.02376258342301,-2.59425017430808,0.667002630320701,0.465499520786143,3,10
0.317209067522708,0.860530246429129,0.00686303751409396,0.575362946135652,0.000130294232067075,3,10
2.16450482351151,-0.663122032063043,0.118106668928336,0.596036520315523,0.56618654637031,1,11
1.73014470618772,-0.435484410983272,-0.14969732641009,0.493694987777846,7.64320804886811e-06,2,10
0.11619886857897,-0.934662738095391,0.747873287863168,0.980587000298836,0.580467327504293,8,11
0.145365844745053,-1.91427618040944,0.12403480689883,-0.597911431527267,0.210624486569473,1,13
0.0152815619054259,0.998889996725343,-0.778054747212651,0.206795605627718,0.631147650746542,2,13
2.53354014825776,0.294894763542056,1.41003330549222,0.159200142740864,1.69886340666014,2,13
0.016497868143304,1.44210939129309,-0.293911808229858,0.106827874069385,0.374144939831979,1,11
0.309760186190889,0.14103671371068,0.610678645005375,-0.89938566012548,0.0972392972480251,8,11
0.109992168874051,2.26648199971525,-0.666510079863262,0.265516479690309,0.210610789576413,2,11
0.939226677510829,-0.659793751472043,-1.0598828782705,-0.20747925130611,0.518759971345532,6,11
2.45365423745833,-0.32050032786231,-0.605838699162315,0.629551998561346,0.0250733131612327,3,10
0.0103871897516824,-1.09601247728099,-1.05684142085412,0.125164280566511,0.00208731771036025,3,13
0.0738410526625373,1.29504788728898,0.53310647267496,-0.721505958755013,0.0490747807635978,1,10
0.33758294533903,0.0800411906624771,-1.55209261464742,0.605760338865657,0.017399061080344,3,12
0.00801110506101588,1.51487851482467,-0.978489465308578,0.486352684516996,0.379097499361161,8,13
0.0984105255143005,-0.267573477056129,0.0272183551599775,-0.50695083645846,0.136255472541334,2,11
0.208749234002643,1.19266426557633,-1.71557231699709,-0.350587354626582,3.9012143189434,5,14
0.0327435868578601,1.592170636219,-0.504888026492709,2.12728679920163,0.347978761460848,2,14
0.305024699084182,-0.996381639313001,-0.304922680917571,0.127741341735677,0.517961050095601,3,10
0.280648313118785,-1.0139292304642,1.34607823542665,-0.491709558986657,0.079277899013522,4,10
1.79917694125447,0.391662626781492,-0.257536690796696,-0.580218742412346,0.187544929964276,4,11
0.240355298693088,-0.194528696910157,-0.523287300658334,0.603087717557992,6.19182486064576e-05,5,12
0.126917443312681,0.305605683728983,-0.663217798972631,0.381601854792324,0.00141449447498896,5,10
0.621379212282543,0.193761063388583,0.447221039692659,0.592016968096971,0.159245236733652,6,11
0.609328121458928,-0.344899980483345,-0.319450981926009,-0.318558493377935,0.00134861555196001,4,11
0.132041419662416,-1.1974481593081,-0.543778849936917,-0.583351600590164,0.64973383736591,7,10
0.00875928917574371,-0.961515163325404,-0.279673442488512,-1.57399000345703,1.1574942262136,7,11
0.00744760832244041,-1.55092860238401,1.06523260036693,0.652044918446942,0.701586515719366,4,13
0.049937974405346,-0.0195802560252944,1.56782874914562,1.99271632279377,0.495864403928373,7,13
1.11869532924254,0.594260864047984,-0.643112078958536,-1.79480145203778,0.369773031593363,6,10
2.88201329663677e-06,1.17212728259022,0.0205217485106878,0.638185201604593,0.061532724066262,4,14
1.50300793829878,-0.690283390436669,-0.324184458375485,-1.377203779162,0.220031160552398,2,10
0.865710819548568,0.698759252010994,1.85739602217537,-0.378144904506386,0.159473293436884,1,12
0.0244989181770269,-1.37973907192068,0.590763995069064,-0.135093102970178,0.0105627849081346,5,10
0.0865904257343672,-0.543122753673681,-1.7806267173964,0.260465059696728,1.03711689080561,2,12
0.00331638930394731,0.382939348840196,-0.434108699575314,-0.38362743026671,0.318883053559238,5,11
0.335648824987488,-1.48271787047473,-2.29274971170602,0.677938557108401,0.158244813528401,8,13
0.807843985729246,0.554320641333773,-0.0929652384515409,-0.425375258245597,0.855711917337633,2,14
0.0384760220025463,-0.424828552765101,0.70396445332971,0.197437234478954,1.49246735992069,3,14
0.0261190649777989,-0.745350784337766,-0.894489621256767,0.980875364861837,0.383769535970175,6,11
0.378382769532554,-0.874050975075323,-1.28250679207462,0.974238121116369,0.491012893383816,1,13
0.0186545522730252,0.00463638291292765,1.25578417415048,0.196469300799843,0.719370088745932,3,10
1.46904939855594,0.350713511385919,-0.964629979588376,0.789390964065262,0.473448358711046,6,14
0.0317903482485301,0.487663155292831,0.907783881064091,1.14420719317157,0.705730598587803,5,10
0.0742301752871335,-1.05090888557528,0.214073613669174,-0.407024292236,0.113631943949204,6,13
0.37694094063356,-0.642047719113126,0.881023122748974,-1.05070104228758,0.465717093950556,1,12
0.0334310847578437,-0.640478769746052,1.00254499828277,-0.907768180563178,0.293142388005384,7,13
0.00143937838190651,0.627576356692116,1.13991050456775,-0.129320904088257,0.284639215003282,7,12
1.07950012026616,0.625887204670152,1.23603585230776,1.35636824330965,0.0918876614394207,8,12
0.252392391424099,2.12818856295112,0.295401510142675,-0.203995572730597,0.0156059346832279,3,12
1.6855560753818e-05,0.726323890838003,0.171761023605458,-0.730305636162874,0.000831666225860313,2,13
0.385328104757196,-0.625238757724108,-0.955389282695438,0.486685431039164,0.377020571522371,5,13
0.376500558229745,-0.742389293907198,-1.21040912105673,-0.374026043758428,0.2563394671543,2,11
0.44357412885029,1.6625528559755,-0.601382997836582,1.86554699988919,0.00156654227208595,2,11
0.623553216997604,-0.154789550659595,-0.135816136579885,1.04858102383204,2.05006457522476,3,14
1.49081465614007,1.22163397037196,-0.987272784920511,-0.189826993648216,0.0373803342068045,7,10
0.649989339723426,0.626240690387105,0.831925014618268,-1.85118665130217,0.218810361560059,6,11
0.0160466214175651,1.00635784662045,-0.795059516415481,1.57869996752681,0.00559345248235855,1,11
1.62030271476976,-0.348569602922991,0.340464612015827,-1.04985777558592,0.0631844208050047,2,12
1.30775556530268,-1.15134811690256,0.870429820346914,-0.239845783870302,0.377636585500471,7,13
0.886032019372011,0.448878154253182,-1.18216100524638,0.488611110797628,1.92762482040289,7,11
0.003255614145207,0.844916316374624,1.02289397573496,0.958282290066487,0.00867652414162764,4,10
0.113514153660696,0.430943951243976,-2.10843457624333,0.0581920884147358,0.0130145503924606,8,11
0.375296183594801,1.66638346287584,0.229762637699325,0.317468336486664,0.942129778490372,6,11
0.567138129200531,0.0661672901315304,1.51171079155376,-0.298666857554445,0.0590945378470191,5,14
4.10634020888931,-1.11826177076019,0.555437989150677,-1.89755092362188,0.338800465545724,7,13
0.0598127522613368,0.48524772207913,0.914878801249372,0.622773211384184,0.493155012483382,6,11
0.000419122387082148,-0.202024063887301,-0.553396624279516,-0.129387863519379,0.10662724635723,7,13
0.0847249723505095,1.03566700725105,0.298376089510017,1.33884702643935,6.63854789912729e-07,2,11
0.0608102890267909,-0.571400033819476,1.10637953965214,1.38070317112965,2.5616377461556,4,14
0.2848242549696,-0.765660420624145,-1.32914958483242,0.099296711162921,0.752810892143607,3,11
0.140467444474063,-1.54745197440888,1.00169412888602,-1.54894173011498,1.87294532071111,6,10
0.00379250779020963,-1.29130142473186,-1.40930387375741,0.0429392021547822,0.71498568549193,2,12
0.845046621404236,-1.17131344420387,-0.498781024681268,-0.351987501762625,0.0403180163047149,5,12
0.372565602809225,-2.34047887551163,2.62275685248845,-0.690544762120507,0.860985410472826,1,13
0.658157292233252,0.697402398491094,0.510665566028528,0.0771342970089863,0.0132707283906905,8,11
0.331955590013621,0.763674205907274,-0.0908431942191986,-0.143989353898028,1.07036157225808,7,11
0.0703009776628233,-0.985941931773877,0.978765679210879,0.353385103864509,0.152371024715733,7,14
0.0317424473074659,-0.151333302809094,-0.243808656888315,-0.297514938173094,0.0205644884380454,7,14
0.0977736847132238,0.497548569525616,0.621808959213633,0.555326179015324,0.000139611412546414,6,11
0.160693992435922,0.840360357458735,-0.344595219846322,-0.319358110503034,0.534641025378537,1,12
0.0163788435346284,0.410687111031478,-2.35522454584149,-0.775204660139476,0.000760943749586686,5,10
1.04983514103622,0.435146702508493,0.472387633353643,0.471136301479388,0.0183026529546018,5,10
0.138187198868148,0.196469868333917,-0.511480194786914,1.54762130396232,0.375894555584323,7,14
0.379518720731108,-1.03333042875738,-0.573602199756116,-3.36510402273871,0.00134786604008047,1,13
0.350293749211181,0.180129199014119,0.00379720372860315,-1.7982846740668,1.375566531674,1,11
1.20942168369791,1.00004992142091,1.34255092952781,-1.29330017278715,1.27133098285428,2,10
0.368303507229433,-0.688363566247664,0.295461511559413,0.630456566457306,0.000859769188971776,3,13
0.313058982546481,1.02005114826454,0.841786943605435,1.20377596117545,0.686682962800466,1,14
0.0678631898173821,0.516925936599692,0.62906429822047,-0.612983638359708,0.0245346163238732,1,14
0.440689250046219,0.184234461863472,0.101598399463067,1.90347243238071,0.112859514771899,3,13
0.310588790402636,-0.00687298411427886,0.671120874661013,0.513598589178224,0.0723376055409501,8,12
0.00959062750761209,1.73577211175443,-0.138316374561719,0.668635508990573,3.32222738318222,3,13
0.0128272250350907,0.082427668738504,-1.24931225315241,0.0963305341334283,0.160159398445269,6,12
0.0685392742700352,-0.704032693930849,0.347635244215357,0.598087536551449,0.726840215323658,7,14
0.125364236801628,0.413983055411026,-2.27781365917161,0.676698584565566,0.529826772466363,5,10
0.338549569940568,-0.582101946447899,-0.986209181193632,-0.559259259691162,2.74124387138543,5,10
0.154428190811893,-0.753883502900623,-0.0595413435522069,-0.822215661478778,0.60311069570619,5,12
0.0246702991214548,-1.90337281181291,-0.160759490474124,-0.626930741909257,0.0166238404761593,7,10
1.22899070502378,0.308242065693031,-0.420361520340292,-0.97669517993712,0.120322207495582,1,10
0.00299677240499908,-0.405180809419341,0.988591016328615,0.0295294873065556,0.154456593915656,2,13
0.0575065312010404,0.718920096205964,-1.06961379110863,1.56787343504153,2.37296640351096,2,14
0.0514706440449189,-0.756138815741843,-2.61364346701511,0.0932078813715853,0.0578938370367483,6,12
1.27925002049725,-0.00827394562861083,0.780451897662153,-0.47639473118534,0.711053103150349,3,12
0.208242595331389,-0.169302937010406,0.0451050735540702,0.415662473239511,0.146543022337578,7,11
0.00462976549080068,0.316555840187851,-0.108489158897566,-0.390535762036872,0.0862793210153303,6,11
0.0549482856221463,-0.529952584101245,-0.391224310070966,1.31702185878425,0.000281606242477126,4,13
0.026765010265163,1.01021841131428,-1.6869995043286,-0.546914946822372,0.160993149766749,4,10
0.138282409765571,0.0117848132792773,-0.952704455151679,0.329479017758786,0.259210084763164,8,13
0.190153926846806,1.97109675772691,0.507414112103395,-0.741390556170094,0.7822893051779,3,10
0.228676641410972,2.60875920004453,0.0188160990067223,-1.12259335791886,0.290993394840759,2,11
0.00962703891820373,0.711149414910681,-1.41891037358562,-1.28084138499378,0.136974830238867,5,14
0.00350859438797245,-0.933695984442132,0.598171931352236,0.111584156284967,1.23887111630177,2,10
1.74117375660072,-0.0506749292064937,0.786379621743228,-0.863048883522056,0.348077888808278,5,12
0.0840835832846303,-0.452630802374643,-0.134633045902237,0.449738139516169,0.0596574551804833,5,12
0.21441426937706,1.48333678625558,-0.016386517615323,0.320734462731544,2.74801683749893,1,10
0.0250284075928899,1.38204297544116,1.40914040823509,1.50782523286321,0.244414840843689,2,14
0.429039613452343,-0.512487033427356,0.394838698802266,-0.064446905917349,0.168531965703593,5,10
2.4320579056289,-0.0438138847197621,1.21987512807247,-0.779498391052853,0.000555409915859695,5,10
0.0277799179935184,-1.09104043268612,-0.0450772128729762,2.01015053492959,0.00298569138953651,5,11
1.63309409920106,0.853451023446903,1.47948784483878,0.87031194556976,0.283797342087656,2,13
0.239837899920505,0.563230035857028,-0.0756837866923921,0.224771563604097,0.402751562233121,6,14
0.202692613250398,1.25629081110196,0.917748457199555,-0.886278043215221,1.00768116506822,4,13
0.736824773834575,-1.10396040370884,-0.344778713742413,-0.301744399701675,1.66894771532393,4,11
1.64955681127711,0.366663714801251,-1.07700265605392,1.76149172346992,0.0293116168256431,3,11
0.203875495793811,-0.516069979388716,1.00160472735829,-0.72780909296928,1.39784966705346,7,11
0.66906065722822,0.91428428337122,2.29600404077134,0.440912234196608,0.491139742109721,8,14
0.118958469483206,1.30778860479992,-0.325878115450014,0.432054694820285,0.0089903126946471,7,13
0.213226825568924,-0.838963394934069,1.46885612852932,0.443045763925356,0.8370028352373,3,14
1.12997029551722,0.402567445548634,-0.236908933173859,0.269758926818915,0.0591751963718824,2,11
0.630657649262134,-1.09059921239147,0.923493117890428,-0.302280156366046,0.17245060542705,1,11
0.496623192705899,0.548399517196908,-0.989191806701409,0.524453895019715,0.140853304654338,7,11
0.223296127381937,-1.37734272848774,0.275646278286709,-0.578137370764509,0.092767389181913,7,11
0.95191846780677,2.17899189598052,-0.763661093561037,0.601241504579149,0.0158233720602443,8,13
0.382127002160684,2.2640420249157,-1.35211198419997,-0.163534803254801,0.000198422164990318,7,12
0.37839233507598,0.892481610091029,0.655024410228004,0.784692156564145,0.0881104057277245,2,11
0.0354191745587585,-0.0564488395068436,1.60964676035496,-0.973708854942626,0.086348103506659,4,14
1.79928220766938,0.6623413692387,-0.78850696587791,-0.321351279833349,0.170582395289814,3,14
0.00110847679257118,-0.78634754793994,-0.883876112525995,0.853370436145094,1.6877132757897,8,11
0.0815498262392531,-1.57442175304879,-1.07251461179358,1.17581858393838,0.0919590560810382,6,14
0.200003582182068,0.310874051044416,-0.458140981447841,0.248867410812747,0.192332909126548,4,11
0.00324848123643029,-2.51829139109263,0.665647015578227,-0.208641204208428,0.0342730579277027,5,11
0.0669060230189458,-0.877872477016629,0.712228212418725,0.632071836195335,0.123146454609192,2,12
0.000286814209121563,-0.25969747064056,0.442954227499162,0.416540933601724,0.666815148216685,4,12
0.0974856628199162,1.22571401548266,0.759587312059179,1.26191594604552,0.703270927809935,1,10
1.88385409093376,0.938000291163749,-0.468877666019124,2.10054097277101,0.0168904319935648,7,13
0.00747758744197148,0.766054639939597,-0.172709977883837,0.205015073976733,0.474892411276888,8,11
0.40751556693818,-0.748508051788698,0.682049899385807,1.44352925945329,1.68671037190466,7,10
0.107034450242863,1.2388957678652,-0.281577328241543,0.592622439141757,0.00580019408942176,1,12
0.926045163615952,-0.169632288961075,-0.961622573931821,0.695831219624268,1.38762750344251,1,14
0.380719236554781,1.60331976703024,-1.37765014473256,0.505526572917646,0.261715767763276,2,12
0.116874604927498,-1.38505365651707,2.69758663663836,-0.679562553079928,0.280170501361069,8,11
0.124702486728824,-0.354183187247905,-1.69971505556293,0.220101068616167,0.0548378859905558,2,10
0.328138070042047,-0.00163202119006995,0.0293166527942015,-0.689104075273236,0.011745513024169,4,13
0.225698830674062,0.596080469170588,1.93431433615124,0.695512961106704,3.87244648926682,2,11
0.0197404606925852,-0.480439453674378,0.837510875177963,-1.09575868902303,5.53346105655772e-05,6,11
1.57700101895879,0.46622524539987,-0.185346331084667,1.37749461022883,0.109655712838561,3,11
0.558107419926561,-2.06658132516899,0.533329177764386,1.19487049774654,0.518654349858073,1,13
1.70907726918898,-0.448024554783029,1.78495624201476,1.24944640892666,3.54873312307874,6,12
0.0521496429637318,-0.371688827763805,0.189627819830131,0.465123031974639,0.211162816308435,6,13
0.109322035620754,0.214663638296237,-0.5690875121866,-0.631476842583895,0.439995990247309,4,14
0.0129578598875685,-0.64657040576356,1.45189294457212,-0.357081601537478,0.066230587417884,6,11
0.225329584757061,-1.17865215943876,1.86899345256532,-0.402465293080289,0.0401211331080373,1,10
0.411282221969757,0.181937607228803,-0.984554893737541,-1.21837962579946,1.9042191859346,1,10
2.07935821444361,0.186619326022144,0.718756763904366,-1.39567058960832,0.0403510930678869,6,14
0.063764135398994,-1.26531611982735,0.129347296958262,1.4045403109598,0.484316295075413,6,12
1.0912498060851,-1.20975273029628,0.701641308893363,-0.612290261493163,0.309426043400206,5,13
0.188364020530061,-0.256061901740592,0.526697831887448,0.811898911321769,0.318000463020422,6,14
0.281128336720992,-0.036373286788934,-0.0205130989546023,-1.57127675923093,1.18128974122056,7,13
0.838633532527922,0.988560967485261,0.438251047306971,1.31968532703859,0.00200201163387881,4,12
0.000369840650694714,0.422093433323588,-1.21052856570154,-0.380429794856617,0.57484973046294,3,13
0.0819902992713981,1.68240229673938,-1.4044199438289,1.71067088744183,0.0322408695228366,3,12
0.0073478258204348,0.214723165194139,0.720749157209312,-1.8022218812695,0.0227413805373616,1,11
0.801818416374442,1.35222674794966,0.0860355032767252,-1.51172076956405,0.311368968764002,8,11
6.71431771122607e-05,-1.49425433609564,-0.13161704140846,-0.636686554478171,0.436909530178499,6,11
0.434832251220439,-0.964946134227434,-1.67605197893984,-1.08508283260275,0.0588278316285043,3,12
0.16957413917293,-0.96083489183635,-0.569497990768113,1.32598350882293,0.411770562450279,1,10
0.136146955581037,-1.76803443380061,0.192205150896545,0.593304960402466,0.335652631352755,2,11
0.211389820436113,0.286674347508583,-0.486322920752822,-0.169717779274971,1.47065898538211,1,14
0.544991320365978,-1.99487774592344,0.0812840129938752,-0.634743449419167,0.13386932566229,4,13
0.236496395624862,0.888606449684523,0.384897246784297,0.0256385998124671,0.118432620498641,6,12
0.00103078329602758,0.0742059456719224,-0.137501971038181,-0.139216378591991,1.50340942845699,1,11
0.00789363426688247,0.44439678273333,0.427593109239094,0.41274014608984,0.00173431512586606,7,11
0.846100836807939,0.155193024923878,-0.243064448539363,0.779082921623621,0.531604373700544,4,11
0.228515397816502,1.49903836079639,-0.318352827853891,-0.15919885031785,0.00753866528469987,6,11
0.00496354411802783,0.329162268053257,-0.254106393508011,0.97201113562952,0.0251560831892843,3,14
0.122913486591559,0.479178749498632,0.638887430163066,1.59748367848942,0.000729305213660345,6,10
0.7127793548157,-1.82780864126634,0.821065383166085,0.704755048849555,0.0770730127306117,8,10
0.258253532187813,0.858409754411893,2.33547908658196,1.25130230538638,0.115690511652226,3,13
0.0783278044165448,-0.267367634114876,-0.983307557611062,0.670554810733965,0.280513451803309,2,14
1.27896601009964,-2.01548711003329,-0.707457440006258,0.958539608654212,0.576807345666097,8,10
0.0133778263792726,0.189081598443259,0.644149101349918,-0.620011340832104,0.511897023375853,2,14
1.09270506354945,0.234916925467372,1.63766532994621,0.459364072660866,0.176478652789132,3,14
0.00488426930053795,0.681542578044589,1.22664817466431,0.535657039693374,0.0499294852130021,7,12
0.349056121119484,0.610251424897193,-0.467705618330812,-1.44639137146121,0.841884187525538,3,13
0.43035288684465,0.560115701504984,-0.678231063737989,1.92168715493497,0.026291618062218,5,14
0.0778815287472184,1.98591690603619,1.69640227133044,-0.219849882981212,0.622611778766211,4,10
0.0322535541088403,1.61904718696172,1.54284685008907,-1.91936800122682,0.969391732730929,1,14
0.0389908708288118,0.186894229696468,0.214527592060943,0.368260734094521,0.106340591639249,8,10
0.0172949140168777,-0.14143680831397,1.70068829575232,1.03615583780733,0.110244294285064,6,11
1.15969685092496,-0.746802734968871,-0.00798682964789259,-0.0757816213508472,0.631236094744364,5,12
0.161869872683104,0.965741206921792,-0.817900364802769,0.116117338345503,0.237740716066506,2,13
0.0234902706012999,-0.879028425052573,-0.0506101702835437,1.07110471503607,0.0973254039258328,6,12
0.303040645824384,-0.0980320233658946,0.0799210865490335,-0.0127775679339221,1.08331471315429,5,10
0.00255984622156195,1.01934525528357,-1.55957109789405,-0.696758377003266,0.560038752557918,1,13
0.329373460764337,-0.121652143542938,-0.171497956746292,0.0387688458924327,0.119347842488094,6,11
2.03685011706829,0.456449188568739,-0.418607092832335,1.31176463288475,0.410424990295098,2,13
0.191217003168751,1.741749271634,0.491286818033161,0.239631958607287,2.61114364810195,2,11
0.741673448618308,2.06111449309497,-0.53122843123103,0.581790000882331,0.0310940488750376,2,11
0.485813613435572,1.37866235764351,0.482220117734896,2.46355709804535,0.00836544584939669,2,14
6.52223667247418,1.79192706150007,0.536291040049325,-0.313071835914446,0.00782437200162415,4,14
0.945576153560585,-0.855786889150887,-0.279324207858902,-0.7607887931218,0.00276324862251356,4,13
0.01815435120527,-0.233607728376625,-0.0435072647005839,1.23553800492704,0.70921159951677,4,11
0.104438686183846,2.30138079060378,2.38151529195951,-1.28567293955208,0.1500471002721,5,10
0.00115063554153601,0.85714168916303,1.54803111335561,1.61534115873543,0.631731126947188,2,14
0.00177483180735076,0.907279218644491,1.55476199852898,-0.581071786075284,0.00583937593224942,3,11
0.185666833725347,1.25381215804501,0.058111230113913,0.0129872525991258,0.0139089012304829,1,11
1.36649567925482,0.723843849805327,-0.839778915527164,2.13159114361062,0.847300381017502,3,12
0.00240266281405934,1.67897142217373,0.571123448655483,-0.546883937090397,0.0382874456304828,5,11
0.0141166151433648,-0.677468906466246,0.0660477825630555,-0.214701214256025,0.11963123388193,4,10
2.64282610967122,-0.381682465504282,3.58465949292999,-1.72504281157778,2.76220759461899,8,13
0.000863125096806161,-0.484123789920007,-1.93189555365127,-1.4011208674817,0.0155178327847629,1,11
0.00287104734541631,-0.541259501547964,-0.202832504245977,-1.0319445260289,0.0120516019213256,2,14
0.388029509533453,-0.19961802237047,1.48371520427311,0.581780567821007,3.14371483752615e-06,4,13
0.010577942224111,1.64693112256561,-2.09851640016451,-1.30486346667951,0.184875792337146,4,11
0.00744017094569639,-0.879529025918929,-0.25964866605676,0.0840473317586078,0.00113756061430031,1,11
0.215121482523485,0.449303125427373,0.334067935887184,0.199582384702023,0.0216366001954906,4,11
1.20468946002164,1.83446762522252,-0.21963759163322,-0.242851311147568,0.0647956351558928,7,13
0.0164112575879016,-1.78806174370368,-0.931771803289107,0.77836199769695,0.0584035683440309,1,12
0.881637033614797,0.902497378272283,-0.122240218296576,0.370311605721516,0.263909725175411,7,13
0.170279662394042,-1.00885886110328,1.33852842346176,-0.0395943084974236,0.0020064464733973,6,10
0.850003461168527,1.4325154586062,-1.34833119004437,0.147614096860666,0.20140135628719,7,10
4.56483096444329e-05,0.801678860984581,1.41483572450998,-1.25337596246446,0.472815494591397,7,11
0.00427406209475904,0.372175475412209,0.914048945514682,1.65868574834599,0.24082230681814,8,14
0.394073971375973,-0.10378641308259,-1.23668791849331,0.301158401531699,0.137125049561505,1,11
2.02195448758862,-1.83286857928085,-1.50076035467463,0.0304876553359615,0.739685559663683,2,12
0.0820728553547995,-0.884600784054742,0.0345386838965327,-0.331080225975053,0.0093433855512209,8,14
0.151511750617443,-0.839361143099957,0.286299645402692,-0.646413937304707,0.183288623959466,2,13
1.8588236517419,1.26043797644631,1.18620809384561,1.13981787607574,0.350939133388599,7,13
0.036175826880377,-0.224633798564702,-0.037549371842548,0.158399210222684,2.26261637907027,2,13
0.2634942320971,-0.174565203851628,0.420371593973559,-1.15798469501803,0.0464672318478569,2,13
0.281359288927396,-0.711998399326514,1.28924648234277,0.85947495645967,0.537995172270123,6,11
0.0830179554363969,-0.0233206874135835,1.17068918509962,0.779442239376809,0.649928010398981,3,14
0.184835637081986,-1.88801618476237,0.826093654084712,-0.181872418343075,1.4487433820681,5,10
0.253231709920288,0.93283903718257,0.323917065090484,-0.71393093466779,0.327897010514744,1,11
0.000238280597391124,0.728237858394781,0.380950411454549,-0.966299901527048,0.0136469624708439,8,13
2.7595419627943,1.39033611269749,1.20261958279329,0.471329909129783,0.0233068020182667,4,12
0.0802633817149942,-0.200386189087508,1.10220575073214,0.205337791071252,0.140439099746749,4,13
0.866033212514854,0.833431587103739,-0.0615149399791465,-1.01888307611964,0.0259257225605296,7,11
0.669285011786591,-1.20909421276584,0.364589913995779,0.118188718380272,0.255532693648071,7,10
0.0179345351571279,0.742693977801938,1.69255229998577,0.50009152186934,2.60080137918547,8,14
0.261852816084733,0.322780878755049,1.47136701247198,0.15068286794794,0.00232764409385214,8,10
0.0466189796654981,1.11054843650681,-0.977247661344119,1.41925271242799,0.12386821514648,5,13
1.63142366912831,1.02236653831199,1.44820167458194,1.88879266169194,0.0927727606223775,6,11
0.354725439307477,-1.11128788531546,-0.0858556605918652,0.799206351310698,0.000336949108400601,4,11
0.204977040930924,0.47528669051775,-1.57376980165346,-1.85750700938291,0.167357940935395,3,13
0.42076759154697,1.91245602001409,1.29247615946669,1.15747168095044,0.277562886857671,8,10
0.226866132872589,-0.545649191509705,0.084467755567716,-0.794553028383792,0.0586020589669207,5,10
1.18538359607538,0.756541383868544,0.967045996480089,-1.64136607113568,0.0641761250686945,3,11
0.895241737529698,0.143223402488892,1.93911299421702,0.344068497799545,0.163952357077581,1,13
0.570447353251196,-0.0875073138391871,1.07987263816564,0.204702470388523,0.0220231537587741,2,14
0.227079397625274,0.721603537891401,-0.353593526833153,-0.0164949832090972,1.16097309652373,5,11
2.16332799052607,0.979477289185924,-0.134923124718565,-0.587415508195605,0.0503766970921737,1,14
0.893769290283137,-0.494342806342316,-0.987132433307501,0.722428044082738,0.8974778938162,6,10
0.792222841108101,0.242834638957834,-0.821708146060393,0.333658251396044,0.427621354110919,3,14
0.00464225586782973,0.750022266692455,0.489530922514731,-1.03432201986202,0.847777833633212,2,13
0.00242227166199936,-1.24403705816921,-0.299277458909478,-1.36218990827401,0.0451816232974255,7,10
0.125821792098447,1.45820236811293,0.658254898574355,-1.43576041306345,0.494282905704027,8,11
1.70852545108526,-0.921120940204723,0.832409549670791,-0.0785035056806469,0.0243000158486533,4,14
0.0729766805541821,1.93869502737424,0.363463261222694,0.614181438639477,0.722477208556969,7,11
0.173070269749527,0.0867717984784197,-0.398645658616952,1.13263588404577,0.000159728979749291,4,11
0.714811108717655,-0.577264822304097,-1.4979299895057,1.12853543519657,1.93009833895757,3,10
0.635828110226855,1.4603511359012,0.114628175272466,0.196344823257374,1.29402021424368,5,14
0.750548772474916,0.106569030920908,-1.03781661733663,-0.150208606661725,0.00408831372259401,8,12
0.174097122024383,1.70007422367786,0.645978871261567,0.500479481084355,0.00847564600975922,3,13
0.186269855609218,-0.412814955795528,0.772845400058577,0.225844703085297,3.23656280534504,6,11
0.0952079714016551,-0.521561689084763,0.316014158120416,-0.0934213568498877,0.0560060878128742,7,12
0.558364981562496,-0.217890027281684,-1.03811282479823,0.278853847414073,0.274932216953745,3,14
0.102402650692445,-1.39453079515584,-0.755137290088854,-0.46086687944929,0.0547339532807269,1,13
0.0252793050720865,0.441581584912767,-0.491504309692582,3.0906479065758,0.0854449925886177,7,12
0.180869333845711,-0.18148762557258,0.147225745107845,-2.62275920131533,0.0194121158886846,7,10
0.187696157502982,-1.68004681205066,2.35650304328533,1.50310049901467,0.167184065285127,3,10
3.48314271034952,0.535166118183708,-0.920668767105904,2.52414293144556,0.116507628961818,1,12
1.38549241978842,0.137361787103895,-2.15684778320885,0.0235499438854707,0.767195304998386,3,14
0.726404034484713,0.182606639866509,-0.120400049561303,0.982366518410273,0.860519311866819,1,13
0.14949934105164,-0.113193276995093,-0.839244329563709,-0.375336023992448,0.451570410446275,4,13
0.15330375034302,-0.232366120498847,-2.17243990871478,1.14665991900998,0.790820124177188,1,12
0.473454964293958,-0.733823081638938,-0.874307976154287,1.05074235926998,0.625460937128093,2,14
0.374668551623009,0.810054768110554,-0.373579348902497,-1.04232013251229,0.15109269944185,1,11
0.27709763836535,0.764402910423721,-1.10219771209642,-1.32505738676622,1.42302055427911,1,12
0.0679649847657987,1.06291691446524,0.715659860663444,0.453838167418189,0.00693185843423058,3,13
0.608450997770943,-1.05079543535446,0.907640305684175,-1.06696808185684,0.474828032587006,8,11
0.371687353458878,-0.994983981707805,-0.324805133785133,1.39993816029559,0.143924476886797,6,13
0.10056512419059,0.806600534395176,-1.48158593228175,0.527424738691599,1.87595410475681,2,11
0.436013817919367,0.997657768007169,0.594171138863542,0.574780922920977,0.0295986316003118,4,13
0.140239841797343,-0.461048339724243,-0.854874687119545,0.321109811342414,0.571987873374002,1,12
0.418810429408283,-0.89202136118357,-0.829917536632547,0.402008260375116,0.128178155086494,8,14
0.651259851365243,0.311166015122334,0.149106814964156,1.23614561246092,0.526822117070641,2,12
0.116734799190013,-1.23179213917196,-0.976146041384047,0.102565694029982,0.361720915936631,4,14
0.00288803007166468,0.502593121804926,-0.294684407656388,0.435063878473193,0.0411629737783753,3,11
0.953397849569586,1.68413494898411,-0.770974915815347,0.149618317838264,1.52879514924973,7,11
0.00457569902130704,-2.05385343158045,0.392283707078743,0.984953048496698,0.388563078803365,1,13
0.649327013261732,-0.629417294719732,-0.846305904884495,-0.534558084257466,0.0407429985276405,8,11
0.252877289648409,0.710795839459038,-0.843759930930453,-1.44497454308613,0.451664048436508,4,13
0.0528032141222047,1.49854671084962,-0.961888444288268,-0.250374225931529,0.48816782674891,2,10
0.102372625514206,-0.222922542446971,0.0110496533565447,-1.96052048946398,0.1022733036047,4,12
0.475666007367683,0.0779671541080921,1.21494896542184,-1.04494629123777,0.00144619644446283,2,14
0.31215471839688,0.333852936906676,-0.888878515738284,-0.0141248813351671,0.038805529451071,7,11
1.35168774109529,1.26725908601206,0.218101261446603,-1.03696222358874,1.36886175628314,1,10
0.380519896410577,0.875927381772241,-0.656116999607038,0.801857798003004,0.00609065557944235,2,10
3.2977993422442e-06,-0.306597670792847,-1.08851584728066,-0.0518484897283303,1.27097855565074,2,10
0.00353423661244256,-0.396868768039169,1.0911308981077,-0.967455907190673,0.0116257165262883,4,10
0.14625075015645,0.270180293892553,-0.569227321657799,0.89159417703001,0.106375433792643,6,11
0.0629239062936748,-0.817079990319388,1.6208101305906,-0.376802008878356,0.0118235990035853,3,13
0.636175318370449,-1.91789860147867,-0.686988445583741,0.604656366768065,0.378433905525451,7,10
0.228517714133665,-0.517595447030084,0.656996703568632,0.127171351539547,0.158609256032335,7,14
0.171316971617277,0.269575021870342,1.1106922152347,-0.11781665521943,0.33952480988613,1,10
0.294285164270783,0.150111962549318,2.14072073006633,-1.01005695653173,0.081820904742943,3,12
0.00406459235023786,-0.106966511808446,-0.830971809132396,-2.63943952467057,3.46744706532485e-06,2,13
0.99270961507587,-1.54155788608579,0.0764058561981353,-1.98324997241913,0.0288158448388854,2,13
0.291939979073563,0.117163888475452,0.935824446199053,-1.53807634268036,0.374966417942606,7,10
3.3094292804221,0.266181511095884,-0.50166670286481,-0.751920452028961,1.99162770627279,6,13
0.0460939156958897,2.02984405945116,0.59485346385118,1.13454234103063,0.0671152122417855,3,11
1.18380072855677,-2.41003474717589,-0.430651169136371,-0.610158433107646,0.0474337471240124,3,14
1.5944995135779,-1.02043359033597,-1.13333905267279,-1.89016482315589,1.26134465035079,6,14
0.639740539510866,0.331663118809135,-2.23717155976963,-0.93835810372134,0.1423997695365,4,14
2.3016905200561,-1.24832071295942,0.514639572443142,0.362008484905822,0.00186114459354861,8,12
0.182588388580497,1.81165892323589,-0.341907115162922,0.297878826479215,0.631438472613114,2,13
0.781363316225061,1.26269989179182,1.71787742881929,-0.943584021853051,1.9114327619783,4,11
0.072735248076674,0.419378988084873,-1.11637790865796,-0.563445780380825,0.0183351929743193,1,14
0.348224508542295,-0.683376305691485,-0.488479619162847,0.111486275736314,0.226367722804156,3,11
0.091490029179817,0.182230523510135,0.807332293407758,-0.567812567005459,0.0520315760979465,5,11
0.83272240553901,0.0880183580287775,-0.261008741670786,0.0658284573592383,0.429864034255217,4,14
0.092194927944334,0.721259028040965,0.488059917826579,0.887631625727393,0.28367515931699,4,13
0.358015889590765,-0.513747945671393,1.35278382096951,0.308758210476228,0.0746536512060875,1,13
0.0452608580042342,-0.145143625809251,2.17681559130925,0.449183670662399,0.0588480786023317,6,11
0.444388217505908,0.390235663530305,0.051387111206838,0.701502833180919,0.00230950716527025,6,12
2.21876698655044,0.587040913246882,-0.838095445235414,-0.982897199230984,0.11717423942477,3,12
0.466078662196377,-0.286371852564858,-1.08461500930842,-0.454290322232517,0.174027211948181,4,14
0.0498944457979322,-0.495943350468224,-0.546532769073342,0.309328295916857,0.155568850643587,3,14
0.280058199169163,0.924199644027403,-0.426509704704706,-1.70479879986558,0.44920038646678,5,10
0.744534985592862,-0.0720238606049802,-1.21099755539979,-1.08471365489554,0.292974260165933,8,10
0.0291453686051288,-1.05599536690805,0.597792997779025,-0.164684521129383,0.988884046918761,8,11
1.67331886956871,-1.39091194172833,1.42389578908393,-0.999273646059183,0.0571160647320194,7,14
0.113065451620307,0.909071123295265,-0.443298625558346,1.29377574857768,0.0446422246215461,8,12
3.16977302753861e-05,0.323011430203832,-1.04033346567429,1.40393921599966,0.915211862191311,2,12
0.0187488207526681,0.341688395687908,-1.27389707840725,-0.521922529296326,2.67346146041247,7,13
0.0886133495105175,1.22094076938639,0.770151612011797,0.418159710299088,0.0578854274301861,5,12
2.18552994775394,1.33677548035144,0.031522621976529,-0.957484737191248,0.440484210880202,2,12
0.229431067525333,0.700212162995674,-1.90485475143827,-0.464797600062277,0.000301039580868682,2,12
0.418129687794597,-1.81164813744644,-0.123755177145571,-0.426509644638268,3.48625334030082,6,14
0.155554601417739,-0.413141259938958,0.000328377213438334,0.773280962683265,0.00191031162841473,4,11
0.0524696908829927,-1.7794080807607,-0.843778344728857,0.0719296532584188,0.191253536881446,1,10
0.110126125828101,1.14652641162039,-1.22133337042893,0.22313040996735,0.0188560993009805,1,13
0.621465349810417,-0.68534024393715,-0.452985993615507,-0.880796780905447,2.42689445257263,6,10
0.636043634227306,-2.39849155442271,-0.702319931281128,0.131142744175004,0.030629077728335,6,13
1.29507080178629,-0.224777900904159,-0.674380385485126,0.27774096700016,2.73484530690564,8,11
0.768819152625307,-0.470312366412426,-2.30302319048591,0.879835588092007,0.0129285352457427,5,10
0.231512045328446,0.868934214981374,-0.149332904782873,-0.511490470487834,0.0476679739570281,6,13
0.0497790558374601,-0.414758963669802,0.948689589970129,0.143328474509505,0.121205186638107,7,12
0.233544204039717,1.97647660399644,1.15636246052357,0.329077964091456,3.78716158610537e-05,3,13
2.2775125124996,0.460252971396006,2.07435248589762,-1.03903782363478,0.0425961220395464,2,10
0.0202204148215514,-1.13324864466646,0.265289970321459,-1.34682728607543,1.90163007532185,3,11
0.635873985011275,-1.78411488498945,-1.05200382914047,0.730679264724403,0.0029879585198199,7,13
0.030337409746215,-0.393233415191188,0.50234223621863,0.870340278271814,0.376320807343837,5,14
0.446154309564231,-0.766539841642065,1.09984502312187,0.327646598782097,0.0671740384142459,5,12
0.951943565736044,-0.380048079928993,1.88650483041417,0.906101939665369,0.0852163802972722,6,14
0.317726735773948,0.369668423341262,0.811253500689395,0.949092203989375,0.05610200894305,7,12
0.378202447110002,-0.624760082765554,1.41824380879396,1.22667552220085,0.0013399555153044,2,10
0.0443928997641863,-1.48423297303438,0.439169901702954,0.086377857018572,0.294987036812064,7,11
0.000613548687759608,1.61938052743864,-1.2775016086011,0.799740081172678,0.0166152850388926,8,10
0.433846290269409,1.73840701714576,-0.861373205211443,-0.778791547320008,0.0431405408536861,5,10
0.0286003426205358,2.40047200988396,1.88698587497109,-0.81546532882319,0.53355570230529,2,14
0.701177936568078,0.778689775352108,0.704087313182904,1.82406185614816,0.000532123624729537,7,12
3.83717581520228,-0.313916460006405,-0.66772052533203,0.0547619172701951,0.790306806629005,5,11
0.422655291117216,0.0140436079943602,-0.705714342057153,-1.10976891138017,0.0649602648147997,7,13
0.210715642437725,-1.11441739830018,-0.920718579914376,-0.142245558513623,0.761038986277355,8,13
2.05806291177649,0.910696652614441,0.148473291996029,-0.532203048772932,1.0458340067462,3,12
0.130396561059822,-1.71338977316628,-0.250017361132774,-1.88707611885556,1.22190593200761,6,12
0.0670809635636073,-1.30550966803649,-0.941768954111299,-0.0853503815660765,0.974536405764885,1,10
0.877959710766707,1.50723852883804,1.21419901863892,0.659726553952759,1.13669251541522,6,13
1.47343791891437,3.1332483770077,0.018566433000226,0.918344007903793,1.61180397963716,6,10
0.734317728246283,0.113770564468483,0.757831699457548,0.0755872567010206,0.0784707301354412,1,13
0.000736256968355903,1.85790448997023,-0.380062699996006,1.86296380744826,0.00131226466123574,3,11
0.044180827166069,-1.00675385607327,0.174948713347219,0.339210321742064,0.0277383672084399,8,13
1.58729099062737,0.963566587280496,1.03352330902476,-2.43495371720496,0.00691123562713677,1,13
0.125956752591101,-0.296041082469293,0.675723995432471,1.51195248199175,0.295412451713692,5,10
0.000287304901853723,-1.57050265967129,0.94128124291257,-0.825285336811969,0.0674405713734865,1,13
6.41115494884098,-0.300048810915072,-1.82663007251395,-0.384464770587307,0.900816101878398,4,10
0.214806731347887,-0.209713475810685,0.177204381296563,0.0502527458551957,0.398462023310352,6,12
0.6567684879888,-1.13575207995743,-0.191807861947269,-0.748624482335382,1.44679657411328,6,11
0.000689371658142557,0.243609348995539,-0.650198710009829,-0.634384565269199,0.519430507053536,2,14
0.0235513407412476,0.0982033318623417,-0.560696341260001,0.393088246292467,0.330758867132049,7,10
0.567665344509253,1.52194787792686,1.67576579329994,-2.30719028337284,0.00039154810420517,4,10
0.183769617337896,1.12956748851229,0.430534600439241,0.129061670230938,0.499089120611274,4,13
0.034778260765416,0.522402618779763,-0.144606620357246,0.476823183381557,0.65204802761904,1,13
0.0888739344839516,0.721988520943543,0.939025712144101,0.121615337494091,0.662145232097941,7,10
0.187637113116157,-1.18653171078266,-0.545496749523291,0.815235187662444,0.396907921214064,1,10
0.378805910957,2.11701348789193,0.138850363215646,0.788493381484124,0.00197029937411163,7,14
0.0168939382565226,-1.36271782680764,1.44686231335255,0.720541197194491,0.245864915832133,1,14
